productId,title,description,price,discount
1,Product 1,This is product 1,400,1
2,Product 2,This is product 2,450,2
3,Product 3,This is product 3,500,3
4,Product 4,This is product 4,550,4
5,Product 5,This is product 5,600,5
6,Product 6,This is product 6,650,6
7,Product 7,This is product 7,700,7
8,Product 8,This is product 8,750,8
9,Product 9,This is product 9,1000,9
10,Product 10,This is product 10,1100,10
11,Product 11,This is product 11,1200,11
12,Product 12,This is product 12,1300,12
13,Product 13,This is product 13,1400,13
14,Product 14,This is product 14,1500,14
15,Product 15,This is product 15,1600,15
16,Product 16,This is product 16,1500,16
17,Product 17,This is product 17,1700,17
18,Product 18,This is product 18,1900,18
19,Product 19,This is product 19,2100,19
20,Product 20,This is product 20,2300,20
21,Product 21,This is product 21,2500,21
22,Product 22,This is product 22,2500,22
23,Product 23,This is product 23,2650,23
24,Product 24,This is product 24,2800,24
25,Product 25,This is product 25,2950,25
26,Product 26,This is product 26,3100,26
27,Product 27,This is product 27,3250,27
